{"cameraMode":{"drawMode":0,"name":"Shaded","section":"Shading Mode"},"sceneLighting":true,"audioPlay":false,"sceneViewState":{"m_AlwaysRefresh":false,"showFog":true,"showSkybox":true,"showFlares":true,"showImageEffects":true,"showParticleSystems":true,"showVisualEffectGraphs":true,"m_FxEnabled":true},"in2DMode":false,"pivot":{"x":-0.8669936656951904,"y":3.799241065979004,"z":1.747457504272461},"rotation":{"x":0.23002487421035767,"y":-0.05809462442994118,"z":0.013823799788951874,"w":0.9714839458465576},"size":13.418574333190918,"orthographic":false}